{
    "Gender": 0,
    "Weight": 0.3207802176475525,
    "SkinColor": {
        "r": 0.9599999785423279,
        "g": 0.8700000047683716,
        "b": 0.7900000214576721,
        "a": 1.0
    },
    "HairStyle": "Avatar/Hair/BowlCut/BowlCut",
    "HairColor": {
        "r": 0.07000000029802323,
        "g": 0.07000000029802323,
        "b": 0.07000000029802323,
        "a": 1.0
    },
    "Mouth": "Avatar/Layers/Face/Face_Agitated",
    "FacialHair": "",
    "FacialDetails": "",
    "FacialDetailsIntensity": 0.5144035816192627,
    "EyeballColor": {
        "r": 1.0,
        "g": 1.0,
        "b": 1.0,
        "a": 1.0
    },
    "UpperEyeLidRestingPosition": 0.20112521946430207,
    "LowerEyeLidRestingPosition": 0.20832706987857819,
    "PupilDilation": 1.0,
    "EyebrowScale": 1.2081319093704224,
    "EyebrowThickness": 2.5,
    "EyebrowRestingHeight": 0.31687915325164797,
    "EyebrowRestingAngle": 4.501124382019043,
    "Top": "Avatar/Layers/Top/T-Shirt",
    "TopColor": {
        "r": 0.28999999165534975,
        "g": 0.5400000214576721,
        "b": 0.1899999976158142,
        "a": 1.0
    },
    "Bottom": "Avatar/Layers/Bottom/Jeans",
    "BottomColor": {
        "r": 0.28999999165534975,
        "g": 0.5400000214576721,
        "b": 0.1899999976158142,
        "a": 1.0
    },
    "Shoes": "Avatar/Accessories/Feet/Sneakers/Sneakers",
    "ShoesColor": {
        "r": 1.0,
        "g": 1.0,
        "b": 1.0,
        "a": 1.0
    },
    "Headwear": "",
    "HeadwearColor": {
        "r": 1.0,
        "g": 1.0,
        "b": 1.0,
        "a": 1.0
    },
    "Eyewear": "",
    "EyewearColor": {
        "r": 0.0,
        "g": 0.0,
        "b": 0.0,
        "a": 0.0
    },
    "Tattoos": [
        "Avatar/Layers/Tattoos/Face/Face_Sword",
        ""
    ]
}